{
  "id": 2,
  "name": "Level 3",
  "map": "3.json",
  "total": 25,
  "totalStage": 3,
  "paths": [
    [
      { "x": 19, "y": 1},
      { "x": 18, "y": 1},
      { "x": 17, "y": 1},
      { "x": 16, "y": 1},
      { "x": 15, "y": 1},
      { "x": 14, "y": 1},
      { "x": 13, "y": 1},
      { "x": 12, "y": 1},
      { "x": 11, "y": 1},
      { "x": 10, "y": 1},
      { "x": 9, "y": 1},
      { "x": 8, "y": 1},
      { "x": 7, "y": 1},
      { "x": 6, "y": 1},
      { "x": 5, "y": 1},
      { "x": 4, "y": 1},
      { "x": 3, "y": 1},
      { "x": 2, "y": 1},
      { "x": 1, "y": 1},
      { "x": 0, "y": 1},
      { "x": 0, "y": 2},
      { "x": 0, "y": 3},
      { "x": 0, "y": 4},
      { "x": 0, "y": 5},
      { "x": 0, "y": 6},
      { "x": 0, "y": 7},
      { "x": 0, "y": 8},
      { "x": 0, "y": 9},
      { "x": 0, "y": 10},
      { "x": 1, "y": 10},
      { "x": 2, "y": 10},
      { "x": 3, "y": 10},
      { "x": 4, "y": 10},
      { "x": 5, "y": 10},
      { "x": 6, "y": 10},
      { "x": 7, "y": 10},
      { "x": 8, "y": 10},
      { "x": 9, "y": 10},
      { "x": 10, "y": 10},
      { "x": 11, "y": 10},
      { "x": 12, "y": 10},
      { "x": 13, "y": 10},
      { "x": 14, "y": 10},
      { "x": 15, "y": 10},
      { "x": 16, "y": 10},
      { "x": 17, "y": 10},
      { "x": 18, "y": 10},
      { "x": 19, "y": 10}
    ]
  ],
  "stages": [
    {
      "name": "Stage 1",
      "time": 15,
      "total": 8,
      "enemies": [
        { "id": 101, "enemy": 2, "level": 0, "time": 0, "path": 0, "rotation": 90 },
        { "id": 102, "enemy": 2, "level": 0, "time": 1.5, "path": 0, "rotation": 90 },
        { "id": 103, "enemy": 2, "level": 0, "time": 3, "path": 0, "rotation": 90 },
        { "id": 104, "enemy": 2, "level": 0, "time": 4.5, "path": 0, "rotation": 90 },
        { "id": 105, "enemy": 2, "level": 0, "time": 6, "path": 0, "rotation": 90 },
        { "id": 106, "enemy": 2, "level": 0, "time": 7.5, "path": 0, "rotation": 90 },
        { "id": 107, "enemy": 2, "level": 0, "time": 9, "path": 0, "rotation": 90 },
        { "id": 108, "enemy": 2, "level": 0, "time": 10.5, "path": 0, "rotation": 90 }
      ]
    },
    {
      "name": "Stage 2",
      "time": 45,
      "total": 10,
      "enemies": [
        { "id": 201, "enemy": 3, "level": 0, "time": 0, "path": 0, "rotation": 90 },
        { "id": 202, "enemy": 3, "level": 0, "time": 1, "path": 0, "rotation": 90 },
        { "id": 203, "enemy": 3, "level": 0, "time": 2, "path": 0, "rotation": 90 },
        { "id": 204, "enemy": 3, "level": 0, "time": 3, "path": 0, "rotation": 90 },
        { "id": 205, "enemy": 3, "level": 0, "time": 4, "path": 0, "rotation": 90 },
        { "id": 206, "enemy": 3, "level": 0, "time": 5, "path": 0, "rotation": 90 },
        { "id": 207, "enemy": 3, "level": 0, "time": 6, "path": 0, "rotation": 90 },
        { "id": 208, "enemy": 3, "level": 0, "time": 7, "path": 0, "rotation": 90 },
        { "id": 209, "enemy": 3, "level": 0, "time": 8, "path": 0, "rotation": 90 },
        { "id": 210, "enemy": 3, "level": 0, "time": 9, "path": 0, "rotation": 90 }
      ]
    },
    {
      "name": "Stage 3",
      "time": 60,
      "total": 7,
      "enemies": [
        { "id": 301, "enemy": 4, "level": 0, "time": 0, "path": 0, "rotation": 90 },
        { "id": 302, "enemy": 4, "level": 0, "time": 1.2, "path": 0, "rotation": 90 },
        { "id": 303, "enemy": 4, "level": 0, "time": 2.4, "path": 0, "rotation": 90 },
        { "id": 304, "enemy": 4, "level": 0, "time": 3.6, "path": 0, "rotation": 90 },
        { "id": 305, "enemy": 4, "level": 0, "time": 4.8, "path": 0, "rotation": 90 },
        { "id": 306, "enemy": 4, "level": 0, "time": 6.0, "path": 0, "rotation": 90 },
        { "id": 307, "enemy": 4, "level": 0, "time": 7.2, "path": 0, "rotation": 90 }
      ]
    }
  ]
}