{
  "id": 5,
  "name": "Level 5",
  "map": "5.json",
  "total": 30,
  "totalStage": 2,
  "paths": [
    [
      { "x": 0, "y": 1},
      { "x": 1, "y": 1},
      { "x": 2, "y": 1},
      { "x": 3, "y": 1},
      { "x": 4, "y": 1},
      { "x": 5, "y": 1},
      { "x": 6, "y": 1},
      { "x": 7, "y": 1},
      { "x": 8, "y": 1},
      { "x": 9, "y": 1},
      { "x": 10, "y": 1},
      { "x": 11, "y": 1},
      { "x": 12, "y": 1},
      { "x": 13, "y": 1},
      { "x": 14, "y": 1},
      { "x": 15, "y": 1},
      { "x": 16, "y": 1},
      { "x": 17, "y": 1},
      { "x": 17, "y": 2},
      { "x": 17, "y": 3},
      { "x": 17, "y": 4},
      { "x": 17, "y": 5},
      { "x": 17, "y": 6},
      { "x": 16, "y": 6},
      { "x": 15, "y": 6},
      { "x": 14, "y": 6},
      { "x": 13, "y": 6},
      { "x": 12, "y": 6},
      { "x": 11, "y": 6},
      { "x": 10, "y": 6},
      { "x": 9, "y": 6},
      { "x": 8, "y": 6},
      { "x": 7, "y": 6},
      { "x": 6, "y": 6},
      { "x": 5, "y": 6},
      { "x": 4, "y": 6},
      { "x": 3, "y": 6},
      { "x": 2, "y": 6},
      { "x": 1, "y": 6},
      { "x": 0, "y": 6}
    ],
    [
      { "x": 0, "y": 10},
      { "x": 1, "y": 10},
      { "x": 2, "y": 10},
      { "x": 3, "y": 10},
      { "x": 4, "y": 10},
      { "x": 5, "y": 10},
      { "x": 6, "y": 10},
      { "x": 7, "y": 10},
      { "x": 8, "y": 10},
      { "x": 9, "y": 10},
      { "x": 10, "y": 10},
      { "x": 11, "y": 10},
      { "x": 12, "y": 10},
      { "x": 13, "y": 10},
      { "x": 14, "y": 10},
      { "x": 15, "y": 10},
      { "x": 16, "y": 10},
      { "x": 17, "y": 10},
      { "x": 18, "y": 10},
      { "x": 19, "y": 10},
      { "x": 19, "y": 9},
      { "x": 19, "y": 8},
      { "x": 19, "y": 7},
      { "x": 19, "y": 6},
      { "x": 18, "y": 6},
      { "x": 17, "y": 6},
      { "x": 16, "y": 6},
      { "x": 15, "y": 6},
      { "x": 14, "y": 6},
      { "x": 13, "y": 6},
      { "x": 12, "y": 6},
      { "x": 11, "y": 6},
      { "x": 10, "y": 6},
      { "x": 9, "y": 6},
      { "x": 8, "y": 6},
      { "x": 7, "y": 6},
      { "x": 6, "y": 6},
      { "x": 5, "y": 6},
      { "x": 4, "y": 6},
      { "x": 3, "y": 6},
      { "x": 2, "y": 6},
      { "x": 1, "y": 6},
      { "x": 0, "y": 6}
    ]
  ],
  "stages": [
    {
      "name": "Stage 1",
      "time": 15,
      "total": 10,
      "enemies": [
        { "id": 101, "enemy": 5, "level": 0, "time": 0, "path": 0, "rotation": 270 },
        { "id": 102, "enemy": 5, "level": 0, "time": 4, "path": 0, "rotation": 270 },
        { "id": 103, "enemy": 5, "level": 0, "time": 8, "path": 0, "rotation": 270 },
        { "id": 104, "enemy": 5, "level": 0, "time": 12, "path": 0, "rotation": 270 },
        { "id": 105, "enemy": 5, "level": 0, "time": 16, "path": 0, "rotation": 270 },
        { "id": 106, "enemy": 5, "level": 0, "time": 20, "path": 0, "rotation": 270 },
        { "id": 107, "enemy": 5, "level": 0, "time": 24, "path": 0, "rotation": 270 },
        { "id": 108, "enemy": 3, "level": 0, "time": 28, "path": 0, "rotation": 270 },
        { "id": 109, "enemy": 3, "level": 0, "time": 30, "path": 0, "rotation": 270 },
        { "id": 110, "enemy": 3, "level": 0, "time": 32, "path": 0, "rotation": 270 }
      ]
    },
    {
      "name": "Stage 2",
      "time": 60,
      "total": 10,
      "enemies": [
        { "id": 201, "enemy": 6, "level": 0, "time": 0, "path": 1, "rotation": 270 },
        { "id": 202, "enemy": 6, "level": 0, "time": 2.5, "path": 1, "rotation": 270 },
        { "id": 203, "enemy": 6, "level": 0, "time": 5, "path": 1, "rotation": 270 },
        { "id": 204, "enemy": 6, "level": 0, "time": 7.5, "path": 1, "rotation": 270 },
        { "id": 205, "enemy": 6, "level": 0, "time": 10, "path": 1, "rotation": 270 },
        { "id": 206, "enemy": 6, "level": 0, "time": 12.5, "path": 1, "rotation": 270 },
        { "id": 207, "enemy": 6, "level": 0, "time": 15, "path": 1, "rotation": 270 },
        { "id": 208, "enemy": 6, "level": 0, "time": 17.5, "path": 1, "rotation": 270 },
        { "id": 209, "enemy": 6, "level": 0, "time": 20, "path": 1, "rotation": 270 },
        { "id": 210, "enemy": 6, "level": 0, "time": 22.5, "path": 1, "rotation": 270 }
      ]
    },
    {
      "name": "Stage 3",
      "time": 90,
      "total": 10,
      "enemies": [
        { "id": 301, "enemy": 5, "level": 0, "time": 0, "path": 0, "rotation": 270 },
        { "id": 302, "enemy": 5, "level": 0, "time": 0, "path": 1, "rotation": 270 },
        { "id": 303, "enemy": 5, "level": 0, "time": 3, "path": 0, "rotation": 270 },
        { "id": 304, "enemy": 5, "level": 0, "time": 3, "path": 1, "rotation": 270 },
        { "id": 305, "enemy": 7, "level": 0, "time": 5, "path": 0, "rotation": 270 },
        { "id": 306, "enemy": 7, "level": 0, "time": 5, "path": 1, "rotation": 270 },
        { "id": 307, "enemy": 7, "level": 0, "time": 7, "path": 0, "rotation": 270 },
        { "id": 308, "enemy": 7, "level": 0, "time": 7, "path": 1, "rotation": 270 },
        { "id": 309, "enemy": 7, "level": 0, "time": 9, "path": 0, "rotation": 270 },
        { "id": 310, "enemy": 7, "level": 0, "time": 9, "path": 1, "rotation": 270 }
      ]
    }
  ]
}