{
  "id": 7,
  "name": "Level 7",
  "map": "7.json",
  "total": 45,
  "totalStage": 5,
  "paths": [
    [
      { "x": 2, "y": 0},
      { "x": 2, "y": 1},
      { "x": 2, "y": 2},
      { "x": 2, "y": 3},
      { "x": 2, "y": 4},
      { "x": 2, "y": 5},
      { "x": 2, "y": 6},
      { "x": 2, "y": 7},
      { "x": 2, "y": 8},
      { "x": 2, "y": 9},
      { "x": 3, "y": 9},
      { "x": 4, "y": 9},
      { "x": 5, "y": 9},
      { "x": 5, "y": 8},
      { "x": 5, "y": 7},
      { "x": 5, "y": 6},
      { "x": 5, "y": 5},
      { "x": 6, "y": 5},
      { "x": 7, "y": 5},
      { "x": 8, "y": 5},
      { "x": 9, "y": 5},
      { "x": 10, "y": 5},
      { "x": 11, "y": 5},
      { "x": 12, "y": 5},
      { "x": 12, "y": 6},
      { "x": 12, "y": 7},
      { "x": 12, "y": 8},
      { "x": 12, "y": 9},
      { "x": 12, "y": 10}
    ],
    [
      { "x": 17, "y": 10},
      { "x": 17, "y": 9},
      { "x": 17, "y": 8},
      { "x": 17, "y": 7},
      { "x": 17, "y": 6},
      { "x": 17, "y": 5},
      { "x": 17, "y": 4},
      { "x": 17, "y": 3},
      { "x": 17, "y": 2},
      { "x": 17, "y": 1},
      { "x": 16, "y": 1},
      { "x": 15, "y": 1},
      { "x": 14, "y": 1},
      { "x": 14, "y": 2},
      { "x": 14, "y": 3},
      { "x": 14, "y": 4},
      { "x": 14, "y": 5},
      { "x": 13, "y": 5},
      { "x": 12, "y": 5},
      { "x": 11, "y": 5},
      { "x": 10, "y": 5},
      { "x": 9, "y": 5},
      { "x": 8, "y": 5},
      { "x": 7, "y": 5},
      { "x": 7, "y": 4},
      { "x": 7, "y": 3},
      { "x": 7, "y": 2},
      { "x": 7, "y": 1},
      { "x": 7, "y": 0}
    ]
  ],
  "stages": [
    {
      "name": "Stage 1",
      "time": 15,
      "total": 10,
      "enemies": [
        { "id": 101, "enemy": 5, "level": 1, "time": 0, "path": 0, "rotation": 0 },
        { "id": 102, "enemy": 5, "level": 1, "time": 3, "path": 0, "rotation": 0 },
        { "id": 103, "enemy": 5, "level": 1, "time": 6, "path": 0, "rotation": 0 },
        { "id": 104, "enemy": 5, "level": 1, "time": 9, "path": 0, "rotation": 0 },
        { "id": 105, "enemy": 5, "level": 1, "time": 12, "path": 0, "rotation": 0 },
        { "id": 106, "enemy": 6, "level": 1, "time": 20, "path": 0, "rotation": 0 },
        { "id": 107, "enemy": 6, "level": 1, "time": 22, "path": 0, "rotation": 0 },
        { "id": 108, "enemy": 6, "level": 1, "time": 24, "path": 0, "rotation": 0 },
        { "id": 109, "enemy": 6, "level": 1, "time": 26, "path": 0, "rotation": 0 },
        { "id": 110, "enemy": 6, "level": 1, "time": 28, "path": 0, "rotation": 0 }
      ]
    },
    {
      "name": "Stage 2",
      "time": 60,
      "total": 10,
      "enemies": [
        { "id": 201, "enemy": 4, "level": 2, "time": 0, "path": 1, "rotation": 180 },
        { "id": 202, "enemy": 4, "level": 2, "time": 3, "path": 1, "rotation": 180 },
        { "id": 203, "enemy": 4, "level": 2, "time": 6, "path": 1, "rotation": 180 },
        { "id": 204, "enemy": 4, "level": 2, "time": 9, "path": 1, "rotation": 180 },
        { "id": 205, "enemy": 4, "level": 2, "time": 12, "path": 1, "rotation": 180 },
        { "id": 206, "enemy": 3, "level": 2, "time": 20, "path": 1, "rotation": 180 },
        { "id": 207, "enemy": 3, "level": 2, "time": 22, "path": 1, "rotation": 180 },
        { "id": 208, "enemy": 3, "level": 2, "time": 24, "path": 1, "rotation": 180 },
        { "id": 209, "enemy": 3, "level": 2, "time": 26, "path": 1, "rotation": 180 },
        { "id": 210, "enemy": 3, "level": 2, "time": 28, "path": 1, "rotation": 180 }
      ]
    },
    {
      "name": "Stage 3",
      "time": 95,
      "total": 10,
      "enemies": [
        { "id": 301, "enemy": 5, "level": 2, "time": 0, "path": 1, "rotation": 180 },
        { "id": 302, "enemy": 5, "level": 2, "time": 4, "path": 1, "rotation": 180 },
        { "id": 303, "enemy": 5, "level": 2, "time": 8, "path": 1, "rotation": 180 },
        { "id": 304, "enemy": 5, "level": 2, "time": 12, "path": 1, "rotation": 180 },
        { "id": 305, "enemy": 5, "level": 2, "time": 16, "path": 1, "rotation": 180 },
        { "id": 306, "enemy": 2, "level": 2, "time": 20, "path": 0, "rotation": 0 },
        { "id": 307, "enemy": 2, "level": 2, "time": 22, "path": 0, "rotation": 0 },
        { "id": 308, "enemy": 2, "level": 2, "time": 24, "path": 0, "rotation": 0 },
        { "id": 309, "enemy": 2, "level": 2, "time": 26, "path": 0, "rotation": 0 },
        { "id": 310, "enemy": 2, "level": 2, "time": 28, "path": 0, "rotation": 0 }
      ]
    },
    {
      "name": "Stage 4",
      "time": 140,
      "total": 10,
      "enemies": [
        { "id": 401, "enemy": 6, "level": 2, "time": 0, "path": 0, "rotation": 0 },
        { "id": 402, "enemy": 6, "level": 2, "time": 0, "path": 1, "rotation": 180 },
        { "id": 403, "enemy": 6, "level": 2, "time": 2, "path": 0, "rotation": 0 },
        { "id": 404, "enemy": 6, "level": 2, "time": 2, "path": 1, "rotation": 180 },
        { "id": 405, "enemy": 6, "level": 2, "time": 4, "path": 0, "rotation": 0 },
        { "id": 406, "enemy": 6, "level": 2, "time": 4, "path": 1, "rotation": 180 },
        { "id": 407, "enemy": 3, "level": 2, "time": 6, "path": 0, "rotation": 0 },
        { "id": 408, "enemy": 3, "level": 2, "time": 6, "path": 1, "rotation": 180 },
        { "id": 409, "enemy": 3, "level": 2, "time": 8, "path": 0, "rotation": 0 },
        { "id": 410, "enemy": 3, "level": 2, "time": 8, "path": 1, "rotation": 180 }
      ]
    },
    {
      "name": "Stage 5",
      "time": 155,
      "total": 5,
      "enemies": [
        { "id": 501, "enemy": 7, "level": 1, "time": 0, "path": 1, "rotation": 180 },
        { "id": 502, "enemy": 7, "level": 1, "time": 2, "path": 1, "rotation": 180 },
        { "id": 503, "enemy": 7, "level": 1, "time": 4, "path": 1, "rotation": 180 },
        { "id": 504, "enemy": 7, "level": 1, "time": 6, "path": 1, "rotation": 180 },
        { "id": 505, "enemy": 7, "level": 1, "time": 8, "path": 1, "rotation": 180 }
      ]
    }
  ]
}