{
  "id": 8,
  "name": "Level 8",
  "map": "8.json",
  "total": 60,
  "totalStage": 5,
  "paths": [
    [
      { "x": 1, "y": 0},
      { "x": 1, "y": 1},
      { "x": 1, "y": 2},
      { "x": 1, "y": 3},
      { "x": 2, "y": 3},
      { "x": 3, "y": 3},
      { "x": 4, "y": 3},
      { "x": 5, "y": 3},
      { "x": 5, "y": 2},
      { "x": 6, "y": 2},
      { "x": 7, "y": 2},
      { "x": 7, "y": 3},
      { "x": 7, "y": 4},
      { "x": 7, "y": 5},
      { "x": 7, "y": 6},
      { "x": 8, "y": 6},
      { "x": 9, "y": 6},
      { "x": 10, "y": 6},
      { "x": 11, "y": 6},

      { "x": 12, "y": 6},
      { "x": 13, "y": 6},
      { "x": 14, "y": 6},
      { "x": 14, "y": 5},
      { "x": 14, "y": 4},
      { "x": 14, "y": 3},
      { "x": 15, "y": 3},
      { "x": 16, "y": 3},
      { "x": 17, "y": 3},
      { "x": 18, "y": 3},
      { "x": 19, "y": 3}
    ],
    [
        { "x": 18, "y": 0},
        { "x": 18, "y": 1},
        { "x": 18, "y": 2},
        { "x": 17, "y": 2},
        { "x": 16, "y": 2},
        { "x": 15, "y": 2},
        { "x": 14, "y": 2},
        { "x": 13, "y": 2},
        { "x": 12, "y": 2},
        { "x": 11, "y": 2},
        { "x": 11, "y": 3},
        { "x": 11, "y": 4},
        { "x": 11, "y": 5},
        { "x": 11, "y": 6},

        { "x": 11, "y": 7},
        { "x": 12, "y": 7},
        { "x": 13, "y": 7},
        { "x": 14, "y": 7},
        { "x": 15, "y": 7},
        { "x": 15, "y": 8},
        { "x": 14, "y": 8},
        { "x": 13, "y": 8},
        { "x": 12, "y": 8},
        { "x": 11, "y": 8},
        { "x": 10, "y": 8},
        { "x": 10, "y": 9},
        { "x": 9, "y": 9},
        { "x": 8, "y": 9},
        { "x": 7, "y": 9},
        { "x": 6, "y": 9},
        { "x": 5, "y": 9},
        { "x": 4, "y": 9},
        { "x": 4, "y": 8},
        { "x": 3, "y": 8},
        { "x": 2, "y": 8},
        { "x": 1, "y": 8},
        { "x": 0, "y": 8}
      ],
    [

      { "x": 18, "y": 0},
      { "x": 18, "y": 1},
      { "x": 18, "y": 2},
      { "x": 17, "y": 2},
      { "x": 16, "y": 2},
      { "x": 15, "y": 2},
      { "x": 14, "y": 2},
      { "x": 13, "y": 2},
      { "x": 12, "y": 2},
      { "x": 11, "y": 2},
      { "x": 11, "y": 3},
      { "x": 11, "y": 4},
      { "x": 11, "y": 5},
      { "x": 11, "y": 6},


      { "x": 12, "y": 6},
      { "x": 13, "y": 6},
      { "x": 14, "y": 6},
      { "x": 14, "y": 5},
      { "x": 14, "y": 4},
      { "x": 14, "y": 3},
      { "x": 15, "y": 3},
      { "x": 16, "y": 3},
      { "x": 17, "y": 3},
      { "x": 18, "y": 3},
      { "x": 19, "y": 3}
    ],
    [
      { "x": 1, "y": 0},
      { "x": 1, "y": 1},
      { "x": 1, "y": 2},
      { "x": 1, "y": 3},
      { "x": 2, "y": 3},
      { "x": 3, "y": 3},
      { "x": 4, "y": 3},
      { "x": 5, "y": 3},
      { "x": 5, "y": 2},
      { "x": 6, "y": 2},
      { "x": 7, "y": 2},
      { "x": 7, "y": 3},
      { "x": 7, "y": 4},
      { "x": 7, "y": 5},
      { "x": 7, "y": 6},
      { "x": 8, "y": 6},
      { "x": 9, "y": 6},
      { "x": 10, "y": 6},
      { "x": 11, "y": 6},

      { "x": 11, "y": 7},
      { "x": 12, "y": 7},
      { "x": 13, "y": 7},
      { "x": 14, "y": 7},
      { "x": 15, "y": 7},
      { "x": 15, "y": 8},
      { "x": 14, "y": 8},
      { "x": 13, "y": 8},
      { "x": 12, "y": 8},
      { "x": 11, "y": 8},
      { "x": 10, "y": 8},
      { "x": 10, "y": 9},
      { "x": 9, "y": 9},
      { "x": 8, "y": 9},
      { "x": 7, "y": 9},
      { "x": 6, "y": 9},
      { "x": 5, "y": 9},
      { "x": 4, "y": 9},
      { "x": 4, "y": 8},
      { "x": 3, "y": 8},
      { "x": 2, "y": 8},
      { "x": 1, "y": 8},
      { "x": 0, "y": 8}
    ]
  ],
  "stages": [
    {
      "name": "Stage 1",
      "time": 15,
      "total": 10,
      "enemies": [
        { "id": 101, "enemy": 6, "level": 2, "time": 0, "path": 0, "rotation": 0 },
        { "id": 102, "enemy": 6, "level": 2, "time": 3, "path": 0, "rotation": 0 },
        { "id": 103, "enemy": 6, "level": 2, "time": 6, "path": 0, "rotation": 0 },
        { "id": 104, "enemy": 6, "level": 2, "time": 9, "path": 0, "rotation": 0 },
        { "id": 105, "enemy": 6, "level": 2, "time": 12, "path": 0, "rotation": 0 },
        { "id": 106, "enemy": 7, "level": 1, "time": 20, "path": 0, "rotation": 0 },
        { "id": 107, "enemy": 7, "level": 1, "time": 22, "path": 0, "rotation": 0 },
        { "id": 108, "enemy": 7, "level": 1, "time": 24, "path": 0, "rotation": 0 },
        { "id": 109, "enemy": 7, "level": 1, "time": 26, "path": 0, "rotation": 0 },
        { "id": 110, "enemy": 7, "level": 1, "time": 28, "path": 0, "rotation": 0 }
      ]
    },
    {
      "name": "Stage 2",
      "time": 60,
      "total": 10,
      "enemies": [
        { "id": 201, "enemy": 5, "level": 2, "time": 0, "path": 1, "rotation": 0 },
        { "id": 202, "enemy": 5, "level": 2, "time": 3, "path": 1, "rotation": 0 },
        { "id": 203, "enemy": 5, "level": 2, "time": 6, "path": 1, "rotation": 0 },
        { "id": 204, "enemy": 5, "level": 2, "time": 9, "path": 1, "rotation": 0 },
        { "id": 205, "enemy": 5, "level": 2, "time": 12, "path": 1, "rotation": 0 },
        { "id": 206, "enemy": 6, "level": 2, "time": 20, "path": 1, "rotation": 0 },
        { "id": 207, "enemy": 6, "level": 2, "time": 22, "path": 1, "rotation": 0 },
        { "id": 208, "enemy": 6, "level": 2, "time": 24, "path": 1, "rotation": 0 },
        { "id": 209, "enemy": 6, "level": 2, "time": 26, "path": 1, "rotation": 0 },
        { "id": 210, "enemy": 6, "level": 2, "time": 28, "path": 1, "rotation": 0 }
      ]
    },
    {
      "name": "Stage 3",
      "time": 95,
      "total": 10,
      "enemies": [
        { "id": 301, "enemy": 7, "level": 1, "time": 0, "path": 3, "rotation": 0 },
        { "id": 302, "enemy": 7, "level": 1, "time": 4, "path": 3, "rotation": 0 },
        { "id": 303, "enemy": 7, "level": 1, "time": 8, "path": 3, "rotation": 0 },
        { "id": 304, "enemy": 7, "level": 1, "time": 12, "path": 3, "rotation": 0 },
        { "id": 305, "enemy": 7, "level": 1, "time": 16, "path": 3, "rotation": 0 },
        { "id": 306, "enemy": 4, "level": 2, "time": 20, "path": 3, "rotation": 0 },
        { "id": 307, "enemy": 4, "level": 2, "time": 22, "path": 3, "rotation": 0 },
        { "id": 308, "enemy": 4, "level": 2, "time": 24, "path": 3, "rotation": 0 },
        { "id": 309, "enemy": 4, "level": 2, "time": 26, "path": 3, "rotation": 0 },
        { "id": 310, "enemy": 4, "level": 2, "time": 28, "path": 3, "rotation": 0 }
      ]
    },
    {
      "name": "Stage 4",
      "time": 140,
      "total": 10,
      "enemies": [
        { "id": 401, "enemy": 5, "level": 2, "time": 0, "path": 2, "rotation": 0 },
        { "id": 402, "enemy": 5, "level": 2, "time": 1, "path": 2, "rotation": 0 },
        { "id": 403, "enemy": 5, "level": 2, "time": 2, "path": 2, "rotation": 0 },
        { "id": 404, "enemy": 5, "level": 2, "time": 3, "path": 2, "rotation": 0 },
        { "id": 405, "enemy": 5, "level": 2, "time": 4, "path": 2, "rotation": 0 },
        { "id": 406, "enemy": 7, "level": 1, "time": 5, "path": 2, "rotation": 0 },
        { "id": 407, "enemy": 7, "level": 1, "time": 6, "path": 2, "rotation": 0 },
        { "id": 408, "enemy": 7, "level": 1, "time": 7, "path": 2, "rotation": 0 },
        { "id": 409, "enemy": 7, "level": 1, "time": 8, "path": 2, "rotation": 0 },
        { "id": 410, "enemy": 7, "level": 1, "time": 9, "path": 2, "rotation": 0 }
      ]
    },
    {
      "name": "Stage 5",
      "time": 155,
      "total": 10,
      "enemies": [
        { "id": 501, "enemy": 7, "level": 2, "time": 0, "path": 1, "rotation": 0 },
        { "id": 502, "enemy": 7, "level": 2, "time": 2, "path": 3, "rotation": 0 },
        { "id": 503, "enemy": 7, "level": 2, "time": 4, "path": 1, "rotation": 0 },
        { "id": 504, "enemy": 7, "level": 2, "time": 6, "path": 3, "rotation": 0 },
        { "id": 505, "enemy": 7, "level": 1, "time": 8, "path": 1, "rotation": 0 },
        { "id": 506, "enemy": 7, "level": 1, "time": 10, "path": 3, "rotation": 0 },
        { "id": 507, "enemy": 7, "level": 1, "time": 12, "path": 1, "rotation": 0 },
        { "id": 508, "enemy": 7, "level": 1, "time": 14, "path": 3, "rotation": 0 },
        { "id": 509, "enemy": 7, "level": 1, "time": 16, "path": 1, "rotation": 0 },
        { "id": 500, "enemy": 7, "level": 1, "time": 18, "path": 3, "rotation": 0 }
      ]
    },
    {
        "name": "Stage 6",
        "time": 190,
        "total": 10,
        "enemies": [
          { "id": 601, "enemy": 6, "level": 2, "time": 0, "path": 2, "rotation": 0 },
          { "id": 602, "enemy": 6, "level": 2, "time": 2, "path": 0, "rotation": 0 },
          { "id": 603, "enemy": 6, "level": 2, "time": 4, "path": 2, "rotation": 0 },
          { "id": 604, "enemy": 6, "level": 2, "time": 6, "path": 0, "rotation": 0 },
          { "id": 605, "enemy": 6, "level": 2, "time": 8, "path": 2, "rotation": 0 },
          { "id": 606, "enemy": 6, "level": 2, "time": 10, "path": 0, "rotation": 0 },
          { "id": 607, "enemy": 7, "level": 2, "time": 12, "path": 2, "rotation": 0 },
          { "id": 608, "enemy": 7, "level": 2, "time": 14, "path": 0, "rotation": 0 },
          { "id": 609, "enemy": 7, "level": 2, "time": 16, "path": 2, "rotation": 0 },
          { "id": 610, "enemy":	7 ,"level":	2 ,"time": 18, "path": 0, "rotation": 0 }
        ]
    }
  ]
}