{
  "id": 9,
  "name": "Level 9",
  "map": "9.json",
  "total": 80,
  "totalStage": 8,
  "paths": [
    [
      { "x": 0, "y": 0},
      { "x": 0, "y": 1},
      { "x": 0, "y": 2},
      { "x": 1, "y": 2},
      { "x": 2, "y": 2},
      { "x": 3, "y": 2},
      { "x": 4, "y": 2},
      { "x": 5, "y": 2},
      { "x": 6, "y": 2},
      { "x": 7, "y": 2},
      { "x": 8, "y": 2},
      { "x": 9, "y": 2},
      { "x": 10, "y": 2},
      { "x": 11, "y": 2},
      { "x": 12, "y": 2},
      { "x": 13, "y": 2},
      { "x": 14, "y": 2},
      { "x": 15, "y": 2},
      { "x": 16, "y": 2},
      { "x": 17, "y": 2},
      { "x": 18, "y": 2},
      { "x": 19, "y": 2},
      { "x": 19, "y": 3},
      { "x": 19, "y": 4},
      { "x": 19, "y": 5},
      { "x": 18, "y": 5},
      { "x": 17, "y": 5},
      { "x": 16, "y": 5},
      { "x": 15, "y": 5},
      { "x": 14, "y": 5},
      { "x": 13, "y": 5},
      { "x": 12, "y": 5},
      { "x": 11, "y": 5},
      { "x": 10, "y": 5},
      { "x": 9, "y": 5},
      { "x": 8, "y": 5},
      { "x": 7, "y": 5},
      { "x": 6, "y": 5},
      { "x": 5, "y": 5},
      { "x": 4, "y": 5},
      { "x": 3, "y": 5},
      { "x": 2, "y": 5},
      { "x": 1, "y": 5},
      { "x": 0, "y": 5},
      { "x": 0, "y": 6},
      { "x": 0, "y": 7},
      { "x": 0, "y": 8},
      { "x": 1, "y": 8},
      { "x": 2, "y": 8},
      { "x": 3, "y": 8},
      { "x": 4, "y": 8},
      { "x": 5, "y": 8},
      { "x": 6, "y": 8},
      { "x": 7, "y": 8},
      { "x": 8, "y": 8},
      { "x": 9, "y": 8},
      { "x": 10, "y": 8},
      { "x": 11, "y": 8},
      { "x": 12, "y": 8},
      { "x": 13, "y": 8},
      { "x": 14, "y": 8},
      { "x": 15, "y": 8},
      { "x": 16, "y": 8},
      { "x": 17, "y": 8},
      { "x": 18, "y": 8},
      { "x": 19, "y": 8},
      { "x": 19, "y": 9},
      { "x": 19, "y": 10}
    ]
  ],
  "stages": [
    {
      "name": "Stage 1",
      "time": 15,
      "total": 10,
      "enemies": [
        { "id": 101, "enemy": 0, "level": 2, "time": 0, "path": 0, "rotation": 0 },
        { "id": 102, "enemy": 0, "level": 2, "time": 2, "path": 0, "rotation": 0 },
        { "id": 103, "enemy": 0, "level": 2, "time": 4, "path": 0, "rotation": 0 },
        { "id": 104, "enemy": 0, "level": 2, "time": 6, "path": 0, "rotation": 0 },
        { "id": 105, "enemy": 0, "level": 2, "time": 8, "path": 0, "rotation": 0 },
        { "id": 106, "enemy": 0, "level": 2, "time": 10, "path": 0, "rotation": 0 },
        { "id": 107, "enemy": 0, "level": 2, "time": 12, "path": 0, "rotation": 0 },
        { "id": 108, "enemy": 0, "level": 2, "time": 14, "path": 0, "rotation": 0 },
        { "id": 109, "enemy": 0, "level": 2, "time": 16, "path": 0, "rotation": 0 },
        { "id": 110, "enemy": 0, "level": 2, "time": 18, "path": 0, "rotation": 0 }
      ]
    },
    {
      "name": "Stage 2",
      "time": 45,
      "total": 10,
      "enemies": [
        { "id": 201, "enemy": 1, "level": 2, "time": 0, "path": 0, "rotation": 0 },
        { "id": 202, "enemy": 1, "level": 2, "time": 2, "path": 0, "rotation": 0 },
        { "id": 203, "enemy": 1, "level": 2, "time": 4, "path": 0, "rotation": 0 },
        { "id": 204, "enemy": 1, "level": 2, "time": 6, "path": 0, "rotation": 0 },
        { "id": 205, "enemy": 1, "level": 2, "time": 8, "path": 0, "rotation": 0 },
        { "id": 206, "enemy": 1, "level": 2, "time": 10, "path": 0, "rotation": 0 },
        { "id": 207, "enemy": 1, "level": 2, "time": 12, "path": 0, "rotation": 0 },
        { "id": 208, "enemy": 1, "level": 2, "time": 14, "path": 0, "rotation": 0 },
        { "id": 209, "enemy": 1, "level": 2, "time": 16, "path": 0, "rotation": 0 },
        { "id": 210, "enemy": 1, "level": 2, "time": 18, "path": 0, "rotation": 0 }
      ]
    },
    {
      "name": "Stage 3",
      "time": 75,
      "total": 10,
      "enemies": [
        { "id": 301, "enemy": 2, "level": 2, "time": 0, "path": 0, "rotation": 0 },
        { "id": 302, "enemy": 2, "level": 2, "time": 1.5, "path": 0, "rotation": 0 },
        { "id": 303, "enemy": 2, "level": 2, "time": 3, "path": 0, "rotation": 0 },
        { "id": 304, "enemy": 2, "level": 2, "time": 4.5, "path": 0, "rotation": 0 },
        { "id": 305, "enemy": 2, "level": 2, "time": 6, "path": 0, "rotation": 0 },
        { "id": 306, "enemy": 2, "level": 2, "time": 7.5, "path": 0, "rotation": 0 },
        { "id": 307, "enemy": 2, "level": 2, "time": 9, "path": 0, "rotation": 0 },
        { "id": 308, "enemy": 2, "level": 2, "time": 10.5, "path": 0, "rotation": 0 },
        { "id": 309, "enemy": 2, "level": 2, "time": 12, "path": 0, "rotation": 0 },
        { "id": 310, "enemy": 2, "level": 2, "time": 13.5, "path": 0, "rotation": 0 }
      ]
    },
    {
      "name": "Stage 4",
      "time": 95,
      "total": 10,
      "enemies": [
        { "id": 401, "enemy": 3, "level": 2, "time": 0, "path": 0, "rotation": 0 },
        { "id": 402, "enemy": 3, "level": 2, "time": 1.3, "path": 0, "rotation": 0 },
        { "id": 403, "enemy": 3, "level": 2, "time": 2.6, "path": 0, "rotation": 0 },
        { "id": 404, "enemy": 3, "level": 2, "time": 3.9, "path": 0, "rotation": 0 },
        { "id": 405, "enemy": 3, "level": 2, "time": 5.2, "path": 0, "rotation": 0 },
        { "id": 406, "enemy": 3, "level": 2, "time": 6.5, "path": 0, "rotation": 0 },
        { "id": 407, "enemy": 3, "level": 2, "time": 7.8, "path": 0, "rotation": 0 },
        { "id": 408, "enemy": 3, "level": 2, "time": 9.1, "path": 0, "rotation": 0 },
        { "id": 409, "enemy": 3, "level": 2, "time": 10.4, "path": 0, "rotation": 0 },
        { "id": 410, "enemy": 3, "level": 2, "time": 11.7, "path": 0, "rotation": 0 }
      ]
    },
    {
      "name": "Stage 5",
      "time": 115,
      "total": 10,
      "enemies": [
        { "id": 501, "enemy": 4, "level": 2, "time": 0, "path": 0, "rotation": 0 },
        { "id": 502, "enemy": 4, "level": 2, "time": 2, "path": 0, "rotation": 0 },
        { "id": 503, "enemy": 4, "level": 2, "time": 4, "path": 0, "rotation": 0 },
        { "id": 504, "enemy": 4, "level": 2, "time": 6, "path": 0, "rotation": 0 },
        { "id": 505, "enemy": 4, "level": 2, "time": 8, "path": 0, "rotation": 0 },
        { "id": 506, "enemy": 4, "level": 2, "time": 10, "path": 0, "rotation": 0 },
        { "id": 507, "enemy": 4, "level": 2, "time": 12, "path": 0, "rotation": 0 },
        { "id": 508, "enemy": 4, "level": 2, "time": 14, "path": 0, "rotation": 0 },
        { "id": 509, "enemy": 4, "level": 2, "time": 16, "path": 0, "rotation": 0 },
        { "id": 510, "enemy": 4, "level": 2, "time": 18, "path": 0, "rotation": 0 }
      ]
    },
    {
      "name": "Stage 6",
      "time": 145,
      "total": 10,
      "enemies": [
        { "id": 601, "enemy": 5, "level": 2, "time": 0, "path": 0, "rotation": 0 },
        { "id": 602, "enemy": 5, "level": 2, "time": 2, "path": 0, "rotation": 0 },
        { "id": 603, "enemy": 5, "level": 2, "time": 4, "path": 0, "rotation": 0 },
        { "id": 604, "enemy": 5, "level": 2, "time": 6, "path": 0, "rotation": 0 },
        { "id": 605, "enemy": 5, "level": 2, "time": 8, "path": 0, "rotation": 0 },
        { "id": 606, "enemy": 5, "level": 2, "time": 10, "path": 0, "rotation": 0 },
        { "id": 607, "enemy": 5, "level": 2, "time": 12, "path": 0, "rotation": 0 },
        { "id": 608, "enemy": 5, "level": 2, "time": 14, "path": 0, "rotation": 0 },
        { "id": 609, "enemy": 5, "level": 2, "time": 16, "path": 0, "rotation": 0 },
        { "id": 610, "enemy": 5, "level": 2, "time": 18, "path": 0, "rotation": 0 }
      ]
    },
    {
      "name": "Stage 7",
      "time": 175,
      "total": 10,
      "enemies": [
        { "id": 701, "enemy": 6, "level": 2, "time": 0, "path": 0, "rotation": 0 },
        { "id": 702, "enemy": 6, "level": 2, "time": 2, "path": 0, "rotation": 0 },
        { "id": 703, "enemy": 6, "level": 2, "time": 4, "path": 0, "rotation": 0 },
        { "id": 704, "enemy": 6, "level": 2, "time": 6, "path": 0, "rotation": 0 },
        { "id": 705, "enemy": 6, "level": 2, "time": 8, "path": 0, "rotation": 0 },
        { "id": 706, "enemy": 6, "level": 2, "time": 10, "path": 0, "rotation": 0 },
        { "id": 707, "enemy": 6, "level": 2, "time": 12, "path": 0, "rotation": 0 },
        { "id": 708, "enemy": 6, "level": 2, "time": 14, "path": 0, "rotation": 0 },
        { "id": 709, "enemy": 6, "level": 2, "time": 16, "path": 0, "rotation": 0 },
        { "id": 710, "enemy": 6, "level": 2, "time": 18, "path": 0, "rotation": 0 }
      ]
    },
    {
      "name": "Stage 8",
      "time": 175,
      "total": 10,
      "enemies": [
        { "id": 801, "enemy": 7, "level": 2, "time": 0, "path": 0, "rotation": 0 },
        { "id": 802, "enemy": 7, "level": 2, "time": 1.2, "path": 0, "rotation": 0 },
        { "id": 803, "enemy": 7, "level": 2, "time": 2.4, "path": 0, "rotation": 0 },
        { "id": 804, "enemy": 7, "level": 2, "time": 3.6, "path": 0, "rotation": 0 },
        { "id": 805, "enemy": 7, "level": 2, "time": 4.8, "path": 0, "rotation": 0 },
        { "id": 806, "enemy": 7, "level": 2, "time": 6, "path": 0, "rotation": 0 },
        { "id": 807, "enemy": 7, "level": 2, "time": 7.2, "path": 0, "rotation": 0 },
        { "id": 808, "enemy": 7, "level": 2, "time": 8.4, "path": 0, "rotation": 0 },
        { "id": 809, "enemy": 7, "level": 2, "time": 9.6, "path": 0, "rotation": 0 },
        { "id": 810, "enemy": 7, "level": 2, "time": 10.8, "path": 0, "rotation": 0 }

      ]
    }
  ]
}