{
  "enemy": [
    {
      "id": 1,
      "name": "Giáp Kẹp Trùng",
      "image": "assets/images/Enemy/Clampbeetle.png",
      "frameWidth": 64,
      "frameHeight": 64,
      "levels": [
        { "id": 11, "name": "Level 1", "health": 120, "speed": 0.6, "reward": 25, "frame": 8 },
        { "id": 12, "name": "Level 2", "health": 180, "speed": 0.75, "reward": 75, "frame": 8 },
        { "id": 13, "name": "Level 3", "health": 240, "speed": 0.75, "reward": 150, "frame": 13 }
      ]
    },
    {
      "id": 2,
      "name": "Tiểu Cường",
      "image": "assets/images/Enemy/Firebug.png",
      "frameWidth": 128,
      "frameHeight": 64,
      "levels": [
        { "id": 21, "name": "Level 1", "health": 150, "speed": 0.75, "reward": 25, "frame": 6 },
        { "id": 22, "name": "Level 2", "health": 225, "speed": 0.75, "reward": 75, "frame": 8 },
        { "id": 23, "name": "Level 3", "health": 300, "speed": 0.75, "reward": 150, "frame": 11 }
      ]
    },
    {
      "id": 3,
      "name": "Hỏa Phong",
      "image": "assets/images/Enemy/Firewasp.png",
      "frameWidth": 96,
      "frameHeight": 96,
      "levels": [
        { "id": 31, "name": "Level 1", "health": 130, "speed": 0.9, "reward": 25, "frame": 12 },
        { "id": 32, "name": "Level 2", "health": 195, "speed": 0.9, "reward": 75, "frame": 8 },
        { "id": 33, "name": "Level 3", "health": 260, "speed": 0.9, "reward": 150, "frame": 12 }
      ]
    },
    {
      "id": 4,
      "name": "Phi Hoàng",
      "image": "assets/images/Enemy/FlyingLocust.png",
      "frameWidth": 64,
      "frameHeight": 64,
      "levels": [
        { "id": 41, "name": "Level 1", "health": 120, "speed": 1.0, "reward": 25, "frame": 12 },
        { "id": 42, "name": "Level 2", "health": 180, "speed": 1.0, "reward": 75, "frame": 8 },
        { "id": 43, "name": "Level 3", "health": 240, "speed": 1.0, "reward": 150, "frame": 14 }
      ]
    },
    {
      "id": 5,
      "name": "Diệp Trùng",
      "image": "assets/images/Enemy/Leafbug.png",
      "frameWidth": 64,
      "frameHeight": 64,
      "levels": [
        { "id": 51, "name": "Level 1", "health": 110, "speed": 0.5, "reward": 25, "frame": 6 },
        { "id": 52, "name": "Level 2", "health": 165, "speed": 0.6, "reward": 75, "frame": 8 },
        { "id": 53, "name": "Level 3", "health": 220, "speed": 0.6, "reward": 150, "frame": 7 }
      ]
    },
    {
      "id": 6,
      "name": "Nham Tước",
      "image": "assets/images/Enemy/MagmaCrab.png",
      "frameWidth": 64,
      "frameHeight": 64,
      "levels": [
        { "id": 61, "name": "Level 1", "health": 160, "speed": 0.4, "reward": 25, "frame": 8 },
        { "id": 62, "name": "Level 2", "health": 240, "speed": 0.55, "reward": 75, "frame": 8 },
        { "id": 63, "name": "Level 3", "health": 320, "speed": 0.55, "reward": 150, "frame": 10 }
      ]
    },
    {
      "id": 7,
      "name": "Thiết Long",
      "image": "assets/images/Enemy/Scorpion.png",
      "frameWidth": 64,
      "frameHeight": 64,
      "levels": [
        { "id": 71, "name": "Level 1", "health": 180, "speed": 0.6, "reward": 25, "frame": 8 },
        { "id": 72, "name": "Level 2", "health": 270, "speed": 0.75, "reward": 75, "frame": 8 },
        { "id": 73, "name": "Level 3", "health": 360, "speed": 0.75, "reward": 150, "frame": 8 }
      ]
    },
    {
      "id": 8,
      "name": "Hư Điệp",
      "image": "assets/images/Enemy/VoidButterfly.png",
      "frameWidth": 64,
      "frameHeight": 64,
      "levels": [
        { "id": 81, "name": "Level 1", "health": 100, "speed": 1.1, "reward": 25, "frame": 6 },
        { "id": 82, "name": "Level 2", "health": 200, "speed": 1.1, "reward": 75, "frame": 4 },
        { "id": 83, "name": "Level 3", "health": 300, "speed": 1.1, "reward": 150, "frame": 13 }
      ]
    }
  ]
}
