{ "compressionlevel":-1,
 "height":11,
 "infinite":false,
 "layers":[
        {
         "data":[103, 103, 103, 103, 103, 103, 103, 103, 103, 103, 103, 103, 103, 103, 103, 103, 103, 103, 103, 104,
            71, 23, 23, 23, 23, 23, 23, 23, 23, 23, 23, 23, 23, 23, 23, 23, 23, 24, 206, 120,
            222, 119, 119, 206, 119, 119, 119, 119, 119, 119, 119, 119, 119, 119, 156, 222, 119, 40, 119, 120,
            110, 119, 156, 119, 175, 119, 119, 156, 119, 119, 157, 119, 111, 119, 119, 119, 119, 40, 119, 120,
            222, 119, 119, 119, 119, 206, 157, 206, 175, 119, 156, 156, 206, 156, 119, 119, 119, 40, 119, 120,
            127, 119, 119, 156, 119, 119, 119, 119, 119, 119, 119, 119, 119, 119, 119, 222, 119, 40, 119, 107,
            87, 55, 55, 55, 55, 55, 55, 55, 55, 55, 55, 55, 55, 55, 55, 55, 55, 115, 55, 24,
            159, 119, 156, 157, 119, 119, 119, 119, 119, 119, 119, 119, 119, 119, 119, 119, 119, 119, 119, 40,
            159, 119, 222, 119, 119, 119, 156, 156, 206, 119, 111, 206, 119, 119, 119, 156, 119, 119, 119, 40,
            222, 119, 119, 111, 119, 119, 119, 119, 119, 119, 119, 119, 119, 119, 119, 157, 175, 119, 39, 40,
            71, 23, 23, 23, 23, 23, 23, 23, 23, 23, 23, 23, 23, 23, 23, 23, 23, 23, 55, 56],
         "height":11,
         "id":1,
         "name":"Tile Layer 1",
         "opacity":1,
         "type":"tilelayer",
         "visible":true,
         "width":20,
         "x":0,
         "y":0
        }],
 "nextlayerid":2,
 "nextobjectid":1,
 "orientation":"orthogonal",
 "renderorder":"right-down",
 "tiledversion":"1.11.2",
 "tileheight":64,
 "tilesets":[
        {
         "firstgid":1,
         "source":"set.tsx"
        }],
 "tilewidth":64,
 "type":"map",
 "version":"1.10",
 "width":20
}