{ "compressionlevel":-1,
 "height":11,
 "infinite":false,
 "layers":[
        {
         "data":[102, 103, 103, 103, 103, 103, 103, 103, 103, 103, 103, 103, 103, 103, 103, 103, 103, 103, 103, 105,
            118, 159, 156, 39, 22, 23, 23, 23, 23, 23, 23, 23, 24, 39, 156, 39, 22, 23, 23, 88,
            118, 39, 39, 39, 38, 39, 157, 39, 39, 39, 39, 39, 38, 39, 39, 39, 38, 39, 39, 123,
            118, 39, 156, 39, 38, 39, 39, 39, 39, 39, 156, 39, 38, 39, 156, 39, 38, 156, 39, 120,
            118, 156, 39, 39, 38, 39, 22, 23, 23, 24, 39, 39, 38, 39, 39, 39, 38, 39, 39, 107,
            108, 39, 39, 39, 38, 157, 40, 39, 39, 40, 39, 39, 38, 39, 39, 39, 38, 39, 22, 72,
            87, 55, 55, 55, 56, 39, 40, 39, 39, 40, 39, 39, 38, 39, 39, 39, 38, 39, 40, 123,
            124, 39, 156, 39, 39, 39, 40, 39, 39, 40, 157, 39, 54, 55, 55, 55, 56, 39, 40, 120,
            108, 39, 39, 39, 156, 39, 40, 39, 39, 40, 39, 39, 39, 156, 39, 39, 39, 39, 40, 120,
            71, 55, 55, 55, 55, 55, 56, 39, 39, 54, 55, 55, 55, 55, 55, 55, 55, 55, 56, 120,
            122, 135, 135, 135, 135, 135, 135, 135, 135, 135, 135, 135, 135, 135, 135, 135, 135, 135, 135, 136],
         "height":11,
         "id":1,
         "name":"Tile Layer 1",
         "opacity":1,
         "type":"tilelayer",
         "visible":true,
         "width":20,
         "x":0,
         "y":0
        }],
 "nextlayerid":2,
 "nextobjectid":1,
 "orientation":"orthogonal",
 "renderorder":"right-down",
 "tiledversion":"1.11.2",
 "tileheight":64,
 "tilesets":[
        {
         "firstgid":1,
         "source":"set.tsx"
        }],
 "tilewidth":64,
 "type":"map",
 "version":"1.10",
 "width":20
}