{ "compressionlevel":-1,
 "height":11,
 "infinite":false,
 "layers":[
        {
         "data":[102, 105, 73, 106, 103, 103, 105, 70, 106, 103, 103, 103, 103, 103, 103, 103, 103, 103, 103, 104,
            118, 39, 38, 156, 39, 39, 156, 38, 39, 39, 39, 39, 39, 156, 22, 55, 55, 24, 157, 120,
            118, 39, 38, 39, 39, 207, 39, 38, 39, 156, 39, 223, 39, 39, 38, 39, 39, 38, 39, 120,
            118, 39, 38, 39, 156, 39, 39, 38, 39, 39, 157, 39, 157, 39, 38, 39, 39, 38, 39, 120,
            118, 39, 38, 39, 39, 39, 39, 38, 39, 39, 39, 39, 39, 39, 38, 39, 39, 38, 39, 120,
            118, 157, 38, 39, 39, 22, 23, 115, 23, 23, 23, 23, 115, 23, 56, 39, 39, 38, 39, 120,
            118, 39, 38, 39, 39, 38, 39, 39, 39, 39, 39, 39, 38, 39, 39, 156, 39, 38, 39, 120,
            118, 39, 38, 156, 39, 38, 39, 156, 39, 39, 39, 157, 38, 39, 39, 39, 39, 38, 207, 120,
            118, 223, 38, 39, 39, 38, 39, 39, 39, 39, 39, 39, 38, 39, 39, 39, 39, 38, 39, 120,
            118, 39, 54, 55, 55, 56, 39, 39, 222, 156, 39, 39, 38, 39, 39, 157, 39, 38, 39, 120,
            134, 135, 135, 135, 135, 135, 135, 135, 135, 135, 135, 121, 89, 122, 135, 135, 121, 86, 122, 136],
         "height":11,
         "id":1,
         "name":"Tile Layer 1",
         "opacity":1,
         "type":"tilelayer",
         "visible":true,
         "width":20,
         "x":0,
         "y":0
        }],
 "nextlayerid":2,
 "nextobjectid":1,
 "orientation":"orthogonal",
 "renderorder":"right-down",
 "tiledversion":"1.11.2",
 "tileheight":64,
 "tilesets":[
        {
         "firstgid":1,
         "source":"set.tsx"
        }],
 "tilewidth":64,
 "type":"map",
 "version":"1.10",
 "width":20
}