{ "compressionlevel":-1,
 "height":11,
 "infinite":false,
 "layers":[
        {
         "data":[185, 73, 154, 154, 154, 154, 154, 154, 154, 154, 154, 154, 154, 154, 154, 154, 154, 154, 73, 186,
            183, 38, 39, 39, 39, 156, 39, 39, 39, 39, 39, 39, 157, 39, 39, 39, 39, 39, 38, 184,
            183, 38, 39, 157, 39, 22, 23, 24, 39, 157, 39, 22, 23, 23, 23, 23, 23, 23, 56, 184,
            183, 54, 55, 55, 55, 56, 39, 40, 39, 39, 39, 38, 156, 39, 22, 23, 23, 23, 23, 72,
            183, 39, 39, 39, 39, 39, 39, 40, 39, 156, 39, 38, 39, 157, 38, 39, 39, 39, 39, 184,
            183, 39, 157, 39, 39, 156, 39, 40, 39, 39, 39, 38, 39, 39, 38, 157, 39, 156, 39, 184,
            183, 39, 39, 39, 39, 39, 39, 54, 55, 55, 55, 115, 55, 55, 56, 39, 39, 39, 39, 184,
            183, 39, 39, 156, 39, 156, 39, 39, 157, 39, 39, 54, 23, 23, 23, 24, 39, 39, 39, 184,
            87, 55, 55, 23, 24, 39, 39, 39, 39, 39, 22, 55, 55, 55, 55, 56, 39, 157, 39, 184,
            183, 39, 39, 39, 54, 55, 55, 55, 55, 55, 56, 39, 39, 39, 39, 39, 39, 39, 175, 184,
            201, 170, 170, 170, 170, 170, 170, 170, 170, 170, 170, 170, 170, 170, 170, 170, 170, 170, 170, 202],
         "height":11,
         "id":1,
         "name":"Tile Layer 1",
         "opacity":1,
         "type":"tilelayer",
         "visible":true,
         "width":20,
         "x":0,
         "y":0
        }],
 "nextlayerid":2,
 "nextobjectid":1,
 "orientation":"orthogonal",
 "renderorder":"right-down",
 "tiledversion":"1.11.2",
 "tileheight":64,
 "tilesets":[
        {
         "firstgid":1,
         "source":"set.tsx"
        }],
 "tilewidth":64,
 "type":"map",
 "version":"1.10",
 "width":20
}