{ "compressionlevel":-1,
 "height":11,
 "infinite":false,
 "layers":[
        {
         "data":[73, 102, 103, 103, 103, 103, 103, 103, 103, 103, 103, 103, 103, 103, 103, 103, 103, 103, 104, 110,
            40, 118, 119, 156, 119, 119, 119, 119, 119, 157, 119, 119, 119, 119, 119, 119, 157, 119, 120, 158,
            54, 55, 55, 55, 55, 55, 55, 55, 55, 55, 55, 55, 55, 55, 55, 55, 55, 55, 55, 24,
            126, 118, 119, 119, 157, 119, 119, 156, 119, 119, 119, 119, 119, 156, 119, 119, 119, 119, 120, 40,
            174, 134, 135, 135, 135, 135, 135, 135, 135, 135, 135, 135, 135, 135, 135, 135, 135, 135, 136, 40,
            22, 55, 55, 55, 55, 55, 55, 55, 55, 55, 55, 55, 55, 55, 55, 55, 55, 55, 55, 56,
            40, 185, 154, 154, 154, 154, 154, 154, 154, 154, 154, 154, 154, 154, 154, 154, 154, 154, 186, 111,
            40, 183, 119, 119, 157, 119, 119, 119, 119, 156, 157, 119, 119, 119, 119, 119, 156, 119, 184, 159,
            54, 55, 55, 55, 55, 55, 55, 55, 55, 55, 55, 55, 55, 55, 55, 55, 55, 55, 55, 24,
            127, 183, 119, 156, 156, 119, 119, 156, 119, 119, 119, 119, 119, 157, 119, 119, 119, 157, 184, 40,
            175, 201, 170, 170, 170, 170, 170, 170, 170, 170, 170, 170, 170, 170, 170, 170, 170, 170, 202, 89],
         "height":11,
         "id":1,
         "name":"Tile Layer 1",
         "opacity":1,
         "type":"tilelayer",
         "visible":true,
         "width":20,
         "x":0,
         "y":0
        }],
 "nextlayerid":2,
 "nextobjectid":1,
 "orientation":"orthogonal",
 "renderorder":"right-down",
 "tiledversion":"1.11.2",
 "tileheight":64,
 "tilesets":[
        {
         "firstgid":1,
         "source":"set.tsx"
        }],
 "tilewidth":64,
 "type":"map",
 "version":"1.10",
 "width":20
}